mattername,ground_truth_question,rubric
Epstein (1),"How did Leon Black first meet Jeffrey Epstein, according to the Dechert LLP Epstein/Black/Apollo report?","1. The response should state that Leon Black was introduced to Jeffrey Epstein by a mutual friend. (1 point)
2. The response should include the approximate timing: the mid-1990s. (1 point)"
Epstein (1),"What role did Maxwell play when victims were undressed in front of Epstein, according to the Ghislaine Maxwell investigation overview?","1. The response should state that Maxwell was present with minor victims while they were undressed in front of Epstein. (1 point)
2. The response should state that Maxwell instructed minor victims on how to massage Epstein. (1 point)
3. The response should mention that the conduct included sexual contact. (1 point)"
Epstein (1),"Who is the New Mexico official Epstein notified, according to the U.S. v. Epstein defense letter?",1. The response should identify Detective Deborah Anaya as the New Mexico official Epstein notified. (1 point)
Epstein (1),"What happened to the Jeffrey Epstein child sex trafficking investigation after Epstein's death in August 2019, according to the Ghislaine Maxwell investigation overview?","1. The response should state that the child sex trafficking investigation continued after Epstein's death. (1 point)
2. The response should mention that the continued investigation pursued co-conspirators, including Ghislaine Maxwell. (1 point)"
Epstein (1),"Where did Lesley Groff attend college, according to the Lesley Groff FD-302 proffer interview?","1. The response should state that Lesley Groff attended college in North Texas. (1 point)
2. The response should mention that she was a UTD graduate. (1 point)"
Epstein (1),"What does the PSIQ ask for, according to the MCC New York Chief Psychologist FD-302?","1. The response should state that the PSIQ asks for mental health history. (1 point)
2. The response should state that it asks for symptoms being experienced at that time. (1 point)"
Epstein (1),"When did the South Australian complainant finish working at the Roman Pizza Bar, according to the South Australian complainant submission?",1. The answer should state that it was 13th Sept 2020 (1 point)
Epstein (1),"Who was identified as Jeffrey Epstein's biggest client, according to the Lesley Groff FD-302 proffer interview?",1. The response should identify Leslie Wexner as Jeffrey Epstein's biggest client. (1 point)
Epstein (1),"What did Epstein say about being alive, according to the MCC New York Chief Psychologist FD-302?","1. The response should state that Epstein said, ""Being alive is fun."" (1 point)"
Epstein (1),"Who was present on Lesley Groff's behalf during the proffer interview, according to the Lesley Groff FD-302 proffer interview?",1. The response should identify Michael Bachner as the attorney present on Lesley Groff's behalf. (1 point)
Epstein (1),"In the Epstein estate suit (19-cv-10476-PGG, SDNY), which doctrines does the plaintiff rely on to argue the claims are timely?","1. The response should identify equitable estoppel as a doctrine relied on by the plaintiff. (1 point)
2. The response should identify equitable tolling as a doctrine relied on by the plaintiff. (1 point)"
Epstein (1),"What did Ghislaine Maxwell's defense team allege regarding her awareness of Jeffrey Epstein's abuse of minor victims, according to the Ghislaine Maxwell investigation overview?","1. The response should state that the defense alleged Maxwell was targeted for crimes committed by Epstein. (1 point)
2. The response should state that the defense alleged Maxwell was unaware of Epstein's abuse of minor victims because he kept secrets from her. (1 point)
3. The response should mention alleged credibility issues among some victims. (1 point)
4. The response should mention the allegation that victims were financially motivated by the victims' compensation fund. (1 point)"
Epstein (1),"What are the key duties of the Chief Psychologist of MCC New York, according to the MCC New York Chief Psychologist FD-302?","1. The response should mention ensuring patients are seen and documentation is completed. (1 point)
2. The response should mention consulting on cases or reviewing reports. (1 point)
3. The response should mention ensuring forensic reports are timely. (1 point)"
Epstein (1),"Did Ghislaine Maxwell testify during her 2021 federal criminal trial, according to the Ghislaine Maxwell investigation overview?",1. The response should state that Ghislaine Maxwell did not testify during her 2021 federal criminal trial. (1 point)
Epstein (1),"According to the document, what actions were taken immediately to verify Jeffrey Epstein's whereabouts and travel dates in Florida?","1. The response should state that the speaker's wife made phone calls immediately. (1 point)
2. The response should mention calls to Canyon Ranch and the Porters. (1 point)
3. The response should state that the calls were used to determine or verify Florida travel dates. (1 point)"
Epstein (1),"In the plaintiff's opposition memo in the Epstein estate suit (19-cv-10476-PGG, SDNY), which section gives an overview of the plaintiff's position?",1. The response should identify the Preliminary Statement section as the overview of the plaintiff's position. (1 point)
Epstein (1),"Did Black ever see Epstein with an underage woman, according to the Dechert LLP Epstein/Black/Apollo report?",1. Response mentions that black has no recollection of ever seeing Epstein with an underage woman at any time. (1 point)
Epstein (1),"What had been widely reported in the press about Prince Andrew and his invitation to an FBI interview, according to the email: ""Media interest in possible interview of Prince Andrew related to Epstein case""",1. The response should state that press reports said Prince Andrew had declined an invitation to be interviewed by the FBI. (1 point)
Epstein (1),"Who may accept a subpoena for the accusers (First Parties) without violating the No Contact Order in the Palm Beach settlement of the 2008 Epstein civil case, according to the 2009 Epstein settlement agreement?","1. The response should identify Robert Josefsberg as someone who may accept a subpoena for the accusers without violating the No Contact Order. (1 point)
2. The response should identify Katherine Ezell as someone who may accept a subpoena for the accusers without violating the No Contact Order. (1 point)"
Epstein (1),"What did the defense allege regarding Maxwell's awareness of the abuse, according to the Ghislaine Maxwell investigation overview?","1. The response should state that the defense alleged Maxwell was targeted for crimes committed by Epstein. (1 point)
2. The response should state that the defense alleged Maxwell was unaware of the abuse because Epstein kept secrets from her. (1 point)
3. The response should mention alleged credibility issues among some victims. (1 point)
4. The response should mention the allegation that victims were financially motivated by the victims' compensation fund. (1 point)"
Epstein (1),"Why are SHU inmates required to have a cellmate, according to the MCC New York Chief Psychologist FD-302?","1. The response should state that requiring a cellmate decreases isolation and privacy. (1 point)
2. The response should state that a cellmate provides distraction. (1 point)
3. The response should state that a cellmate creates a rescue opportunity. (1 point)"
Epstein (1),"How many pain pills did the plaintiff in the 2009 settlement of Epstein's S.D. Fla. case (No. 09-CV-80656) say she took before visiting his house, according to the Palm Beach interrogatory-answers notice?","1. The response should state that the plaintiff said she usually took 1 to 2 pain pills. (1 point)
2. The response should state that she took them in the cab on the way to Epstein's house or within 30 minutes before arriving. (1 point)"
Epstein (1),"What factors were considered when assessing Epstein’s risk, according to the MCC New York Chief Psychologist FD-302?","1. The response should identify psychological health as a risk factor considered. (1 point)
2. The response should identify Epstein's high-profile status as a risk factor considered. (1 point)
3. The response should identify the sex offense charges as a risk factor considered. (1 point)"
Epstein (1),"What roles did the Chief Psychologist of MCC New York hold earlier in her career, according to the MCC New York Chief Psychologist FD-302?","1. The response should state that she was a Staff Psychologist at MDC Brooklyn from 2003 to 2006. (1 point)
2. The response should state that she was a Forensic Psychologist from 2006 to 2008. (1 point)"
Epstein (1),"How did Jeffrey Epstein's accuser describe Ghislaine Maxwell's role, according to the Dershowitz clarification motion?","1. The response should state that Epstein's accuser described Ghislaine Maxwell as the ""madame."" (1 point)"
Epstein (1),"What hypotheses were considered regarding the July 23 2019 incident, according to the MCC New York Chief Psychologist FD-302?","1. The response should mention the hypothesis that the incident was gaming by Epstein, Tartaglione, or both. (1 point)
2. The response should mention the hypothesis that it was a suicide rehearsal by Epstein if he was really suicidal. (1 point)
3. The response should mention the hypothesis that it was an assault by Tartaglione. (1 point)"
Epstein (1),"When did the relationship between Leon Black and Jeffrey Epstein begin to deteriorate, according to the Dechert LLP Epstein/Black/Apollo report?",1. Response mentions: beginning in 2016 (1 point)
Epstein (1),"According to Dechert LLP's January 2021 report on Leon Black's relationship with Jeffrey Epstein, what did Black believe about the nature of Epstein's criminal conduct?",1. Response mentions that the related offenses arose out of a single instance in which Epstein had received a massage from a 17 year old prostitute (1 point)
Epstein (1),"What sentence did Epstein receive in 2008, according to the ABC '7.30' transcript exhibit?","1. The response should state that Epstein received an 18-month jail sentence in 2008. (1 point)
2. The response should state that the sentence was for soliciting an underage girl for prostitution, or equivalent wording. (1 point)"
Epstein (1),"According to witness accounts in Dechert LLP's January 2021 report, how was Jeffrey Epstein's management style perceived by Leon Black's Family Office employees?","1. The response should describe Epstein as a strict taskmaster or difficult to work with. (1 point)
2. The response should mention that he was quick to criticize employees or overdramatized minor perceived errors. (1 point)
3. The response should mention that he sought credit for good ideas regardless of his involvement. (1 point)
4. The response should mention that some witnesses described the work environment as toxic or destructive. (1 point)
5. The response should also recognize that some witnesses said Epstein's pressure improved employee performance. (1 point)"
Epstein (1),"How did Lesley Groff describe the relationship between Jeffrey Epstein and Ghislaine Maxwell, according to the Lesley Groff FD-302 proffer interview?",1. The response should state that Lesley Groff described Epstein and Ghislaine Maxwell as confidants. (1 point)
Epstein (1),"What follow-up applies to Code 2 inmates, according to the MCC New York Chief Psychologist FD-302?",1. The response should state that Psychological Services follows up monthly with Code 2 inmates. (1 point)
Epstein (1),"Did Lesley Groff travel with Jeffrey Epstein, according to the Lesley Groff FD-302 proffer interview?",1. The response should state that Lesley Groff did not travel with Jeffrey Epstein. (1 point)
Epstein (1),"Which mental-health institution is named in the South Australian complainant's 2017 unlawful-detention claim, according to the South Australian complainant submission?",1. The answer should state it was Glenside Mental Health Institution (1 point)
Epstein (1),"What date of entry appears on the FBI's report of Lesley Groff's proffer interview, according to the Lesley Groff FD-302 proffer interview?","1. The response should state that the report's date of entry was September 24, 2021. (1 point)"
Epstein (1),"What media outlet aired a panel discussion on Jeffrey Epstein featuring Kimberly B. Mehlman-Orozco on August 9, 2019, according to Dr. Kimberly B. Mehlman-Orozco's CV?","1. Did the response identify the ABC (1 point)
2. Did the response mention the name of the show: This Week with George Stephanopoulos. (1 point)"
Epstein (1),"Which company published the South Australian complainant's first novel, Reality, according to the South Australian complainant submission?",1. The response should identify Austin Macauley Publishers as the company that published Reality. (1 point)
Epstein (1),"Who are the Plaintiffs/Counterclaim Defendants in the Broward County case against Alan Dershowitz (No. CACE 15-000072), according to the Dershowitz clarification motion?","1. The response should identify Bradley J. Edwards as a Plaintiff/Counterclaim Defendant. (1 point)
2. The response should identify Paul G. Cassell as a Plaintiff/Counterclaim Defendant. (1 point)"
Epstein (1),"What happened after Lesley Groff attended a party with her husband in her first month working for Epstein, according to the Lesley Groff FD-302 proffer interview? And why?","1. The response should state that Epstein told Groff he was going to fire her but instead placed her on probation. (1 point)
2. The response should explain that this followed Epstein learning she had attended a party with her husband. (1 point)
3. The response should mention the stated workplace rationale that Groff had to keep herself separate or not fraternize with Epstein's contacts. (1 point)"
Epstein (1),"When did former President Bill Clinton leave office, according to the Dershowitz clarification motion?","1. The response should state that former President Bill Clinton left office on January 20, 2001. (1 point)
2. The response should not leave the answer as an unconverted Excel serial date such as 36892. (1 point)"
Epstein (1),"Did Jeffrey Epstein's accuser in the 2008 litigation state she was ever paid more than $200 per visit by him, according to the Palm Beach interrogatory-answers notice?","1. The response should answer yes, the accuser stated she was paid more than $200 on one occasion. (1 point)
2. The response should state that the amount on that occasion was $300 instead of $200. (1 point)"
Epstein (1),"How was Jeffrey Epstein described to Lesley Groff before she met him, according to the Lesley Groff FD-302 proffer interview?",1. The response should state that Jeffrey Epstein was described to Lesley Groff as a Manhattan socialite. (1 point)
Epstein (1),"What was the title of the South Australian complainant's first novel, according to the South Australian complainant submission?",1. The response should identify the title of the first novel as Reality. (1 point)
Epstein (1),"What conditions apply to inmates on Suicide Watch, according to the MCC New York Chief Psychologist FD-302?","1. The response should mention constant watch for inmates on Suicide Watch. (1 point)
2. The response should mention the special mattress, blanket, and smock. (1 point)
3. The response should mention that cell lights are on 24/7. (1 point)"
Epstein (1),"Who is named as defendant in the 2008 Palm Beach civil case (No. 50 2008 CA 028058), according to the Palm Beach interrogatory-answers notice?",1. The response should identify Jeffrey Epstein as the defendant in the 2008 Palm Beach civil case. (1 point)
Epstein (1),"Where did federal prosecutors interview the Chief Psychologist of MCC New York, according to the MCC New York Chief Psychologist FD-302?","1. The response should identify Saint Andrews Plaza in New York, NY 10007 as the interview location. (1 point)
2. The response should identify the location as the U.S. Attorney's Office for the Southern District of New York. (1 point)"
Epstein (1),"Where did the South Australian woman who alleged a sexual-abuse ring linked to Epstein and Maxwell live between 2017 and 2022, according to the South Australian complainant submission?","1. The response should state that the South Australian woman lived in Kadina, South Australia. (1 point)"
Epstein (1),"In the Epstein estate sex-abuse suit (Doe v. Indyke & Kahn, 19-cv-10476-PGG, SDNY), what remedy does the plaintiff seek to preserve by opposing the defendants' motion to dismiss damages?",1. The response should state that the plaintiff sought to preserve punitive damages. (1 point)
Epstein (1),"Who were the attorneys working in Jeffrey Epstein's office, according to the Lesley Groff FD-302 proffer interview?","1. The response should identify Darren Indyke as one of the attorneys working in Epstein's office. (1 point)
2. The response should identify Jeff Schantz as one of the attorneys working in Epstein's office. (1 point)"
Epstein (1),"What type of computers were initially used in Jeffrey Epstein's office, according to the Lesley Groff FD-302 proffer interview?",1. The response should state that Jeffrey Epstein's office initially used PCs rather than Apple computers. (1 point)
Epstein (1),"On approximately what date were the interrogatories propounded to the plaintiff in the 2008 Epstein litigation, according to the Palm Beach interrogatory-answers notice?","1. The response should state that the interrogatories were propounded on or about December 10, 2008. (1 point)"
Epstein (1),"How are Code 3 inmates managed, according to the MCC New York Chief Psychologist FD-302?","1. The response should state that Code 3 inmates are seen weekly. (1 point)
2. The response should state that unstable Code 3 inmates are moved to observation. (1 point)
3. The response should state that inmates are hospitalized if deterioration continues. (1 point)"
Epstein (1),"Who was designated Special Master for fees in the Palm Beach settlement of the 2008 Epstein civil case (No. 50 2008 CA 028058), according to the 2009 Epstein settlement agreement?","1. The response should identify Sidney Stubbs, Esq. as the designated Special Master for fees. (1 point)"
Epstein (1),"When did Jeffrey Epstein plead guilty to two state felonies, according to the U.S. v. Epstein bail/detention decision?","1. The answer should state that there's no date for when he did this in the Bali/detention decision. (1 point)
2. Bonus: Should clarify that the two state felonies he pleaded guilty to involved minor girls in Florida. (1 point)"
Epstein (1),"What type of relationship did Black have with Epstein, according to the Dechert LLP Epstein/Black/Apollo report?",1. Response mentions that Black had a social relationship with Epstein (1 point)
Epstein (1),"What time period do the release provisions of the Palm Beach settlement of the 2008 Epstein civil case cover, according to the 2009 Epstein settlement agreement?",1. The response should state that the release provisions covered the period from the beginning of the world to the day of the release. (1 point)
Epstein (1),"What is the case number of the 2008 Palm Beach civil case against Jeffrey Epstein, according to the Palm Beach interrogatory-answers notice?",1. The response should identify the case number as 50 2008 CA 028058 XXXXMB AD. (1 point)
Epstein (1),"What document did Lesley Groff have to sign before working for Jeffrey Epstein, according to the Lesley Groff FD-302 proffer interview?",1. The response should state that Lesley Groff had to sign a non-disclosure agreement before working for Epstein. (1 point)
Epstein (1),"How did Maxwell groom minor victims according to victim interviews, according to the Ghislaine Maxwell investigation overview?","1. The response should state that Maxwell groomed minor victims by befriending them or developing rapport first. (1 point)
2. The response should state that Maxwell then attempted to normalize sexual abuse. (1 point)"
Epstein (1),"What does the Chief Psychologist of MCC New York ensure regarding forensic reports, according to the MCC New York Chief Psychologist FD-302?",1. The response should state that the Chief Psychologist ensures forensic reports are completed or sent out on time. (1 point)
Epstein (1),"Under what circumstances may the Palm Beach settlement of the 2008 Epstein civil case be disclosed in legal proceedings, according to the 2009 Epstein settlement agreement?",1. The response should state that the Palm Beach settlement may be disclosed in legal proceedings only to enforce the Settlement Agreement. (1 point)
Epstein (1),"How does the FBI's Legat London office characterize the intensity of media attention on the Prince Andrew matter, according to the Prince Andrew media-interest email?",1. The response should state that media attention on the Prince Andrew matter ebbed and flowed with every new rumor. (1 point)
Epstein (1),"Who was the Member for Narungga, according to the South Australian complainant submission?",1. The response should identify Fraser Ellis MP as the Member for Narungga. (1 point)
Epstein (1),"What is the title of the December 2008 court filing serving an Epstein accuser's better answers to interrogatories, according to the Palm Beach interrogatory-answers notice?",1. The response should give the filing title as Notice of Service of Plaintiff's Unverified Better Answers to Defendant's Interrogatories. (1 point)
Epstein (1),"According to Ghislaine Maxwell's bail/detention filing, how did public relations considerations allegedly affect her treatment by the government?","1. The response should state that Maxwell's filing alleged public-relations imperatives affected or drove the government's treatment of her. (1 point)
2. The response should characterize the alleged treatment as wildly inappropriate and unconstitutional, or equivalent wording. (1 point)"
Epstein (1),"What does the Eighth Amendment prohibit, according to the U.S. v. Tartaglione surveillance-footage letter?",1. The response should state that the Eighth Amendment prohibits cruel and unusual punishment. (1 point)
Epstein (1),"Which Harvard committee is referenced in the 2017 email correspondence concerning Jeffrey Epstein, according to the Epstein/Harvard/MIT Media Lab email?",1. The response should identify the Harvard Mind Brain Behavior committee. (1 point)
Epstein (1),"According to the ABC 7.30 broadcast about Jeffrey Epstein, what was said about his plea agreement's effect on potential co-conspirators and related allegations?","1. The response should state that other potential allegations might not end up being tested in court. (1 point)
2. The response should mention that this could apply to possible co-conspirators. (1 point)
3. The response should mention that alleged victims were not involved in the plea-agreement arrangement. (1 point)"
Epstein (1),"On what date was Ghislaine Maxwell first mentioned in the FBI case file related to the Jeffrey Epstein investigation, according to the Ghislaine Maxwell investigation overview?","1. The response should state that Maxwell was first mentioned in the FBI case file on April 23, 2019, or 04/23/2019. (1 point)"
Epstein (1),"What police station is referenced in connection with Detective Leigh Gwilym, according to the South Australian complainant submission?",1. The response should identify the Port Pirie Police Department as the referenced police station. (1 point)
Epstein (1),"Who was identified as the trader in Jeffrey Epstein's office, according to the Lesley Groff FD-302 proffer interview?",1. The response should identify Harry Beller as the trader in Jeffrey Epstein's office. (1 point)
Epstein (1),"On which count was Maxwell found not guilty, according to the Ghislaine Maxwell investigation overview?","1. The response should identify Count 2 as the count on which Maxwell was found not guilty. (1 point)
2. The response should name the count as enticement of a minor to travel to engage in illegal sex acts, or an equivalent formulation. (1 point)"
Epstein (1),"What occurred after Epstein completed the PSIQ, according to the MCC New York Chief Psychologist FD-302?","1. The response should state that Epstein did not mark anything on his PSIQ. (1 point)
2. The response should state that, if he had not been Epstein, he would have been sent to general population and classified Care Code 1. (1 point)"
Epstein (1),"Who may recover fees in a dispute to enforce the Palm Beach settlement of the 2008 Epstein civil case, according to the 2009 Epstein settlement agreement?",1. The response should state that the prevailing party may recover fees in a dispute to enforce the settlement. (1 point)
Epstein (1),"In the SDNY FOIA tracking document (filtered for Epstein), what primary request did Sai LNU make, according to the SDNY Epstein FOIA tracking log?",1. The response should state that Sai LNU requested all records about Jeffrey E. Epstein. (1 point)
Epstein (1),"Who retained Dechert LLP as independent council, according to the Dechert LLP Epstein/Black/Apollo report?","1. The response mentions that the Conflicts Committee of Apollo Global Management, Inc. (""Apollo"") retained Dechert LLP (""Dechert"")"
Epstein (1),"About how many times did Jeffrey Epstein's accuser in the 2008 litigation say she was interviewed by the FBI or U.S. Attorney's Office, according to the Palm Beach interrogatory-answers notice?","1. The response should state that the accuser said she was interviewed approximately 8 to 10 times. (1 point)
2. The response should identify the interviewers as the FBI or the U.S. Attorney's Office. (1 point)"
Epstein (1),"Did Maxwell testify during the trial, according to the Ghislaine Maxwell investigation overview?",1. The response should state that Maxwell did not testify during the trial. (1 point)
Epstein (1),"What did New Mexico's Public Safety Department advise in August 2010, according to the U.S. v. Epstein defense letter?","1. The response should state that New Mexico's Public Safety Department advised Epstein that he was not required to register in New Mexico. (1 point)
2. The response should connect that advice to his 2008 Florida conviction for procuring a person under 18 for prostitution. (1 point)"
Epstein (1),"What right does a defendant in a capital case have, according to the U.S. v. Tartaglione surveillance-footage letter?",1. The response should state that a defendant in a capital case has a constitutionally protected right to present mitigating evidence to the jury. (1 point)
Epstein (1),"Which detective at the Port Pirie Police Department is named in the South Australian abuse-ring allegations connected to Epstein and Maxwell, according to the South Australian complainant submission?","1. The response should identify Detective Leigh Gwilym as the named detective. (1 point)
2. The response should connect him to the Port Pirie Police Department context if additional detail is provided. (1 point)"
Epstein (1),"According to Leon Black, how much value did Jeffrey Epstein's advice generate for him?",1. Response mentions that Epstein's advice generated more than $1 billion and as much as $2 billion or more in value (1 point)
Epstein (1),"What did Leigh Sales say about recent royal scandals, according to the ABC '7.30' transcript exhibit?","1. The response should state that Leigh Sales said Britain's royal family had not been embroiled in a serious scandal for a few years. (1 point)
2. The response should mention that Prince Andrew had again stepped forward or become involved in a serious scandal. (1 point)"
Epstein (1),"How many interrogatories (numbered 1 to 26) were propounded to the plaintiff in the 2008 Epstein litigation, according to the Palm Beach interrogatory-answers notice?","1. The response should state that interrogatories numbered 1 to 26 were propounded to the plaintiff. (1 point)
2. The response should include that the numbering was inclusive, or otherwise make clear there were 26 interrogatories. (1 point)"
Epstein (1),"In a September 2017 email regarding Epstein from Epstein's assistant Lesley, and emailed to Jeff hawkins, who does Epstein say may be contacted at the MIT Media Lab for more information, according to the Epstein/Harvard/MIT Media Lab email?","1. The response should identify Jim as one person who could be contacted at the MIT Media Lab. (1 point)
2. The response should identify Joi Ito, or the source spelling ""Joit Ito,"" as the other person who could be contacted at the MIT Media Lab. (1 point)"
Epstein (1),"How long has the current Chief Psychologist served at MCC New York, according to the MCC New York Chief Psychologist FD-302?",1. The response should state that the Chief Psychologist had served at MCC New York for 11 years. (1 point)
Epstein (1),"Who found Lesley Groff's resume before she was hired by Jeffrey Epstein, according to the Lesley Groff FD-302 proffer interview?",1. The response should state that a headhunter named Russell found Lesley Groff's resume. (1 point)
Epstein (1),"Did the Dechert investigation find evidence that any Apollo Global Management executive besides Leon Black retained Jeffrey Epstein for advisory services, according to the Dechert LLP Epstein/Black/Apollo report?","1. The response should state that the Dechert investigation found no evidence that any Apollo executive other than Leon Black retained Epstein. (1 point)
2. The response should keep the answer specific to advisory services and should not imply another Apollo executive retained Epstein. (1 point)"
Epstein (1),"What address is listed for Professor Alan Dershowitz at Harvard Law School, according to the Dershowitz clarification motion?","1. The response should provide the Harvard Law School street address: 1575 Massachusetts Avenue, Hauser Hall 518. (1 point)
2. The response should include Cambridge, MA 02138. (1 point)"
Epstein (1),"What staff does the Chief Psychologist of MCC New York oversee, according to the MCC New York Chief Psychologist FD-302?","1. The response should mention that the Chief Psychologist oversaw three forensic psychologists and one staff psychologist. (1 point)
2. The response should mention that she also oversaw a drug abuse coordinator and a drug treatment specialist. (1 point)"
Epstein (1),"What statement did Detective Leigh Gwilym allegedly make in relation to the South Australian abuse-ring allegations connected to Epstein and Maxwell, according to the South Australian complainant submission?","1. The response should state that Detective Leigh Gwilym allegedly said he could not investigate. (1 point)
2. The response should include the alleged reason: police officers were involved. (1 point)"
Epstein (1),"What was the date of Louis Freeh's letter to Professor Alan Dershowitz, according to the Dershowitz clarification motion?","1. The response should state that Louis Freeh's letter to Professor Alan Dershowitz was dated January 22, 2016. (1 point)"
Epstein (1),"What were the counts in the initial June 29, 2020 federal indictment of Ghislaine Maxwell, according to the Ghislaine Maxwell investigation overview?","1. The response should include conspiracy to entice minors. (1 point)
2. The response should include enticement of a minor. (1 point)
3. The response should include conspiracy to transport minors. (1 point)
4. The response should include transportation of a minor. (1 point)
5. The response should include the two perjury counts. (1 point)"
Epstein (1),"What stock purchase did an Epstein entity make, according to the Dechert LLP Epstein/Black/Apollo report?","1. Response mentions that one of his entities purchased 263,257 shares of Apollo's stock (1 point)
2. Response mentions that it was purchased at its IPO (1 point)"
Epstein (1),"What amount did Jeffrey Epstein pay under the 2009 settlement of his S.D. Fla. case (No. 09-CV-80656), according to the 2009 Epstein settlement agreement?","1. The response should state that Epstein paid $500,000.00 under the 2009 settlement agreement. (1 point)"
Epstein (1),"Which agreement regarding Jeffrey Epstein's obligations is referenced in the 2009 settlement of his S.D. Fla. case (No. 09-CV-80656), according to the 2009 Epstein settlement agreement?","1. The response should identify the Non-Prosecution Agreement as the referenced agreement. (1 point)
2. The response should also mention the Addendum and Affirmation. (1 point)
3. The response should connect the agreement to Jeffrey Epstein and the United States Attorney for the Southern District of Florida. (1 point)"
Epstein (1),"Where were the funds paid under the 2009 settlement of Epstein's S.D. Fla. case (No. 09-CV-80656), according to the 2009 Epstein settlement agreement?","1. The response should state that the settlement funds were paid to the plaintiff's attorneys' trust account. (1 point)
2. The response should state that the funds were to remain there pending dismissal of the case. (1 point)"
Epstein (1),"Which island associated with Jeffrey Epstein is mentioned in the motion, according to the Dershowitz clarification motion?",1. The response should identify Little St. James Island as the island mentioned. (1 point)
Epstein (1),"What form do all inmates complete, according to the MCC New York Chief Psychologist FD-302?","1. The response should identify the form as the Psychological Services Intake Questionnaire, or PSIQ. (1 point)"
Epstein (1),"In the plaintiff's memorandum in Case No. 19-cv-10476-PGG concerning the Jeffrey Epstein sex-trafficking operation, what type of operation is referenced?","Did the response identify the type of operation referenced?
a. States the same sex-trafficking operation that the indictment concerned (1 point)"
Epstein (1),What did Terri Fry suggest about sending additional information on Jeffrey Epstein in the 2017 email correspondence?,"Did the response convey what Terri Fry suggested?
a. States she suggested sending another email with more info on Jeffrey (Epstein) (1 point)"
Epstein (1),Which motion by Darren K. Indyke and Richard D. Kahn does the plaintiff oppose in Case No. 19-cv-10476-PGG?,"Did the response identify the motion the plaintiff opposes?
a. Identifies the defendants' (Indyke and Kahn) motion to dismiss the complaint (1 point)"
Epstein (1),How much did Jeffrey Epstein pay his accuser after her trip involving Prince Andrew?,"Did the response give the correct amount?
a. States approximately $15,000 (1 point)"
Epstein (1),How is Ghislaine Maxwell described in the defense filing seeking bail or challenging her detention conditions?,"Did the response convey how Maxwell is described?
a. Describes her as a law-abiding U.S. citizen with no criminal history (1 point)
b. Notes she is 59 years old (1 point)"
Epstein (1),"In the Maxwell defense expert disclosure, how is hindsight bias defined?","Did the response correctly define hindsight bias?
a. States it is the tendency to overestimate how predictable/foreseeable an event was after learning the outcome (1 point)"
Epstein (1),What relationship is described between Jeffrey Epstein and Dr. Jim Watson?,"Did the response convey the relationship described?
a. States Epstein is described as great/close friends with Dr. Jim Watson (1 point)"
Epstein (1),How will the lawsuit be dismissed under the 2009 settlement of Epstein's S.D. Fla. case (No. 09-CV-80656)?,"Did the response convey how the lawsuit would be dismissed?
a. States the case (Jane Doe No. 102 v. Epstein, 09-CV-80656) is dismissed with prejudice (1 point)
b. States dismissal is upon payment/clearance of the settlement amount (1 point)
c. Notes the Court is requested to retain jurisdiction to enforce the settlement (1 point)"
Epstein (1),What did Knisely say when asked about extended hours?,"Did the response convey what Knisely said?
a. States Jeffrey should 'hang tough' (1 point)
b. States house arrest would be dealt with at the end of the month (1 point)"
Epstein (1),"In Ghislaine Maxwell's bail/detention filing, what actions did the U.S. Attorney's Office take instead of asking her to voluntarily surrender?","Did the response convey what the USAO did instead of asking her to surrender?
a. States she was arrested by a SWAT team (1 point)
b. Characterizes the tactics as unnecessary / intentionally showy (1 point)"
Epstein (1),What was Epstein's code word for sexual encounters?,"Did the response identify the code word?
a. States the code word was 'massage' (1 point)"
Epstein (1),What did the Chief Psychologist of MCC New York say contributed to Epstein's death?,"Did the response identify what the MCC Chief Psychologist said contributed to Epstein's death?
a. Identifies lack of a cellmate (1 point)
b. Identifies understaffing (1 point)"
Epstein (1),"According to the defense expert disclosure in US v. Ghislaine Maxwell, what factors can distort human memory?","Did the response identify the factors that can distort memory?
a. Identifies post-event information, suggestion, and/or influence (1 point)"
Epstein (1),What suggestive subject line appears in 2010 email correspondence attributed to Ghislaine Maxwell?,"Did the response reproduce the suggestive subject line?
a. Reproduces 'Re: MMm, lets heat things up again baby xoxo' (minor punctuation/case variation acceptable) (1 point)"
Epstein (1),What significant legal action occurred on August 8 regarding Epstein?,"Did the response identify the legal action?
a. States Epstein signed a new Last Will and Testament (1 point)"
Epstein (1),On what date was the defense expert disclosure letter submitted in United States v. Ghislaine Maxwell?,"Did the response give the correct date?
a. States November 1, 2021 (1 point)"
Epstein (1),How many years of forensic psychiatry experience does Dr. Park Dietz have according to the defense expert disclosure?,"Did the response give the correct experience?
a. States over 40 years of experience (1 point)"
Epstein (1),"According to Ghislaine Maxwell's bail/detention filing, what did the government concede regarding the basis for her detention?","Did the response convey what the government conceded?
a. States the government conceded it was not seeking detention based on danger to the community (1 point)"
Epstein (1),Who was Jeffrey Epstein's cellmate at the time of his July 2019 suicide attempt?,"Did the response identify the cellmate?
a. Identifies Nicholas Tartaglione (1 point)"
Epstein (1),What did the examination of Ghislaine Maxwell's inmate email account reveal regarding allegations that Metropolitan Detention Center staff deleted emails?,"Did the response convey what the email examination revealed?
a. States there was no evidence MDC staff deleted any of her emails (1 point)"
Epstein (1),"In Case No. 19-cv-10476-PGG, what does the plaintiff argue regarding the defendants' motion to dismiss the punitive-damages claim?","Did the response convey the plaintiff's argument on the punitive-damages motion?
a. States the court should deny the defendants' motion to dismiss the punitive-damages claim (1 point)"
Epstein (1),On what date did the arrest recorded under Arrest ID M21609870-Q occur?,"Did the response give the correct date?
a. States March 29, 2021 (1 point)"
Epstein (1),What explanation did Epstein give about the incident involving the bedsheet?,"Did the response convey Epstein's explanation about the bedsheet incident?
a. States Tartaglione had been playing with a bedsheet before Epstein fell asleep (1 point)
b. States Epstein later woke up (snoring) with no memory of the incident (1 point)"
Epstein (1),What did Douglas Montero request?,"Did the response identify what Douglas Montero requested?
a. States he requested all files, photographs, videos, and audio records (1 point)
b. Specifies they pertain to the July 6, 2019 SDNY indictment of Jeffrey Epstein (1 point)"
Epstein (1),How frequently do Metropolitan Detention Center staff search Ghislaine Maxwell's cell for contraband?,"Did the response give the correct search frequency?
a. States the cell is searched for contraband once per day (1 point)"
Epstein (1),"In the April 6, 2021 Government letter on Ghislaine Maxwell's MDC confinement (US v. Maxwell, 20 Cr. 330), what BOP policy specifies the timeframe for the deletion of inmate emails?","Did the response identify the email-deletion timeframe?
a. States BOP policy purges all inmate emails every six months (1 point)"
Epstein (1),How does the Metropolitan Detention Center provide drinking water to inmates during periods of city water maintenance?,"Did the response convey how drinking water is provided during water maintenance?
a. States MDC provided inmates (including the defendant) with bottled water (1 point)"
Epstein (1),What relief did Ghislaine Maxwell's bail filing argue she should receive regarding her detention status?,"Did the response convey the relief sought?
a. States she should be granted bail (1 point)
b. States that, alternatively, the case should be remanded for an evidentiary hearing (1 point)"
Epstein (1),"According to Ghislaine Maxwell's bail/detention filing, what detention practice allegedly interfered with her sleep?","Did the response identify the practice that interfered with her sleep?
a. States a flashlight was pointed into her cell every 15 minutes (1 point)"
Epstein (1),What organization has Kimberly B. Mehlman-Orozco served as CEO of since Fall 2019?,"Did the response identify the organization?
a. Identifies 'Break the Chain' (1 point)"
Epstein (1),"After the FBI Legat London email about Prince Andrew, what did the DOJ Attache ask regarding the Manhattan DA's (DANY) case?","Did the response convey what the DOJ Attache asked?
a. States the Attache asked whether DANY (the Manhattan DA) also had its own case (1 point)"
Epstein (1),"What date of birth was recorded for Ghislaine Maxwell at her March 29, 2021 arrest?","Did the response give the correct date of birth?
a. States December 25, 1961 (1 point)"
Epstein (1),"What Arrest ID was recorded for Ghislaine Maxwell's arrest on March 29, 2021?","Did the response give the correct Arrest ID?
a. States the Arrest ID as M21609870-Q (1 point)"
Epstein (1),What conclusion did Louis Freeh draw from the absence of Secret Service records?,"Did the response convey Louis Freeh's conclusion?
a. States he concluded Clinton was not present on Little St. James Island during the relevant period (1 point)"
Epstein (1),Where in Australia did FBI agents meet Jeffrey Epstein's accuser?,"Did the response identify the location?
a. Identifies the U.S. Consulate in Sydney, Australia (1 point)"
Epstein (1),"What public event involving the acting U.S. Attorney occurred on the day of Ghislaine Maxwell's July 2020 arrest, per her bail filing?","Did the response convey the public event on the day of her arrest?
a. States the acting U.S. Attorney held a press conference (1 point)
b. Notes the large charts and/or pausing for media pictures (1 point)
c. Notes it occurred before Maxwell had appeared in the SDNY (1 point)"
Epstein (1),What did the DOJ OIG find regarding falsified documentation by BOP staff in its investigation of Jeffrey Epstein's August 2019 death at MCC New York?,"Did the response identify the OIG's findings on falsified documentation by BOP staff?
a. States several staff falsified BOP records relating to inmate counts and rounds (1 point)
b. States staff lacked candor during their OIG interviews (1 point)"
Epstein (1),What was observed around Epstein's neck on July 23?,"Did the response identify what was observed around Epstein's neck on July 23?
a. Notes friction marks around the neck (1 point)
b. Notes superficial reddening / erythema (1 point)"
Epstein (1),What did Gogger tell Jack regarding house arrest?,"Did the response convey what Gogger told Jack about house arrest?
a. States they could 'put him out' on house arrest with no problem (1 point)
b. Includes the caveat 'as long as the feds don't give us grief' (1 point)"
Epstein (1),How is Dr. Elizabeth Loftus identified in the defense expert disclosure filed in US v. Ghislaine Maxwell?,"Did the response convey how Loftus is identified?
a. States she is the Distinguished Professor of Psychological Science and Law at UC Irvine (School of Law) (1 point)"
Epstein (1),How did Ghislaine Maxwell's bail/detention filing describe her behavior and risk profile as an inmate?,"Did the response convey how Maxwell's behavior/risk profile was described?
a. Describes her as a model prisoner who poses no danger (1 point)
b. States she had done nothing to prompt 'special' treatment (1 point)"
Epstein (1),What did Thomas Volscho request?,"Did the response identify what Thomas Volscho requested?
a. States he requested (a copy of) 5 years of Jeffrey Epstein's banking records (1 point)
b. Ties it to 'Institution-1' referenced in SDNY's July 12, 2019 letter to Judge Berman (1 point)"
Epstein (1),Why was Epstein assigned to the SHU on July 7?,"Did the response identify why Epstein was assigned to the SHU?
a. States media coverage of his case (1 point)
b. States inmate awareness of his notoriety (1 point)"
Epstein (1),"Who was the arresting officer for Ghislaine Maxwell's March 29, 2021 arrest?","Did the response correctly identify the arresting officer?
a. Identifies DT3 (Detective Third Grade) Paul W. Byrne as the arresting officer (1 point)"
Epstein (1),"According to Ghislaine Maxwell's bail/detention filing, what claim was made about whether she would have been charged if Jeffrey Epstein were still alive?","Did the response convey the claim made?
a. States she would not be facing charges if Epstein were still alive (1 point)"
Epstein (1),"In the plaintiff's memorandum opposing dismissal in Case No. 19-cv-10476-PGG, which introductory section appears immediately before the Statement of Facts?","Did the response identify the correct section?
a. Identifies the Preliminary Statement (1 point)"
Epstein (1),What reasons were documented for declining a Desk Appearance Ticket to Ghislaine Maxwell on her NYPD arrest report (M20619659)?,"Did the response identify the documented DAT-declined reasons?
a. Identifies 'Reasonable Appearance an OOP will be Issued' (1 point)
b. Identifies 'Sex Crime' (1 point)
c. Does not introduce additional incorrect reasons (e.g., does not assert an 'Outstanding Warrant') (1 point)"
Epstein (1),"What did inmates with a direct line of sight to Epstein's cell door report after the SHU staff returned Epstein
to his cell on August 9?","Did the response convey what the inmates reported?
a. States that no one entered or exited Epstein's cell (1 point)"
Epstein (1),"What is the full name of the person arrested inside 40 Centre Street on March 29, 2021 (Arrest ID M21609870-Q)?","Did the response give the correct full name?
a. States the name as Maxwell, Ghislaine N. (1 point)"
Epstein (1),Why does processing inmate mail at the Metropolitan Detention Center sometimes take multiple days?,"Did the response convey why mail processing can take multiple days?
a. States it is due to the large number of inmates and the volume of mail at the MDC (1 point)"
Epstein (1),What did Lady Victoria once claim Maxwell had done?,"Did the response convey Lady Victoria's claim?
a. States Maxwell used her as 'bait' to attract women to Epstein's parties (1 point)"
Epstein (1),When did the Metropolitan Detention Center in Brooklyn resume in-person visitation in 2021?,"Did the response give the correct date?
a. States on or about February 16, 2021 (1 point)"
Epstein (1),"In the Maxwell defense expert disclosure, how can the halo effect influence legal judgments and evaluations of individuals?","Did the response convey how the halo effect can influence legal judgments?
a. States positive impressions may lead to preferential treatment or biased evaluations (1 point)"
Epstein (1),"In Virginia Giuffre's family's April 2025 statement, what did they say about the impact years of abuse had on her?","Did the response convey what the family said about the impact of abuse?
a. States the toll/weight of abuse became unbearable for Virginia (1 point)"
Epstein (1),"In the Maxwell defense expert disclosure, what does Dr. Dietz state about scientific support for grooming-by-proxy?","Did the response convey what Dr. Dietz said about scientific support for grooming-by-proxy?
a. States he was aware of no authority (no journal articles, studies, or tests) supporting the theory (1 point)"
Epstein (1),What aspects of human memory does Dr. Elizabeth Loftus propose to address in her expert testimony?,"Did the response identify the aspects of memory Loftus would address?
a. Identifies the workings of human memory and the effects of suggestion (1 point)
b. Identifies the creation and characteristics of false memories (1 point)"
Epstein (1),What did Metropolitan Detention Center staff report regarding Ghislaine Maxwell's alleged hair loss?,"Did the response convey what MDC staff reported about hair loss?
a. States staff had not observed any noticeable hair loss (1 point)"
Epstein (1),"In the Maxwell defense expert disclosure, what issue does Dr. Dietz identify about the definition of grooming?","Did the response convey the issue Dr. Dietz identified about defining grooming?
a. States grooming has no consistent definition (1 point)"
Epstein (1),How does the Maxwell defense expert disclosure define dissociation?,"Did the response correctly define dissociation?
a. States the lack of normal integration of thoughts, feelings, and experiences into consciousness and memory (1 point)
b. Notes it involves a disruption/splitting off of memory, identity, consciousness, or perceptions (1 point)"
Epstein (1),"According to Ghislaine Maxwell's bail/detention filing, why was she allegedly unable to adequately prepare for trial?","Did the response convey why she was allegedly unable to prepare for trial?
a. States the pandemic made it unsafe to meet with her lawyers in person (1 point)"
Epstein (1),How many recommendations did the DOJ Office of the Inspector General make to the Bureau of Prisons in its review of Jeffrey Epstein's August 2019 death at MCC New York?,"Did the response give the correct number of recommendations?
a. States the OIG made eight (8) recommendations to the BOP (not another number) (1 point)"
Epstein (1),What publication is the source of the April 2025 article reporting Lady Victoria Hervey's reaction to Virginia Giuffre's death?,"Did the response identify the publication?
a. Identifies the Daily Mail (DailyMail.com) (1 point)"
Epstein (1),"In the plaintiff's opposition memo in the Epstein estate suit (19-cv-10476, SDNY), in which section are the legal arguments presented?","Did the response identify the correct section?
a. Identifies the 'Argument' section (1 point)"
Epstein (1),Where was Epstein later found dead?,"Did the response convey where Epstein was found dead?
a. States he was found dead on August 10, 2019 (1 point)
b. States it was in a different cell, having been moved from the cell he shared with Tartaglione (1 point)"
Epstein (1),What did the U.S. Secret Service response say about records responsive to Louis Freeh's FOIA request on Bill Clinton's travel?,"Did the response convey what the USSS response said?
a. States there were no records pertaining to the request referenced in the indices (1 point)"
Epstein (1),How much time per day is Ghislaine Maxwell permitted to review discovery materials while detained at the Metropolitan Detention Center?,"Did the response give the correct amount of discovery-review time?
a. States thirteen (13) hours per day (1 point)
b. States seven days per week (1 point)"
Epstein (1),What activity does the VTC room camera record during Ghislaine Maxwell's attorney video conferences?,"Did the response convey what the VTC room camera records?
a. States the camera records who enters and exits the room (1 point)
b. States it does not record activity inside the room (1 point)"
Epstein (1),"According to Ghislaine Maxwell's bail/detention filing, how old were the allegations underlying the charges against her?","Did the response convey the age of the allegations?
a. States the charges/allegations are about 25 years old (1 point)
b. States they concern alleged actions from 1994-1997 (1 point)"
Epstein (1),What did Jeffrey Epstein's accuser say he told her about his connections?,"Did the response convey what Epstein said about his connections?
a. States he told her he knew many people in high places / powerful people (1 point)"
Epstein (1),In what year did Jeffrey Epstein's accuser say she first met Ghislaine Maxwell?,"Did the response give the correct year?
a. States approximately 1999 (1 point)"
Epstein (1),How has Mr. Tartaglione described his conduct?,"Did the response convey how Tartaglione described his conduct?
a. States he said he acted appropriately in all respects (1 point)"
Epstein (1),How was Epstein positioned when found?,"Did the response convey how Epstein was positioned when found?
a. States he was suspended/hanging from the top bunk (1 point)
b. States a near-seated position with buttocks ~1 to 1.5 inches off the floor (1 point)"
Epstein (1),"According to the defense filing, with whom was Ghislaine Maxwell communicating prior to her arrest in July 2020?","Did the response identify with whom Maxwell was communicating?
a. States she was in contact, through her attorneys, with the U.S. Attorney's Office (SDNY) (1 point)"
Epstein (1),"Who signed for the United States the April 6, 2021 Government letter on Ghislaine Maxwell's conditions of confinement (US v. Maxwell, 20 Cr. 330)?","Did the response identify the signatory?
a. Identifies Audrey Strauss, United States Attorney (1 point)"
Epstein (1),To which criminal offenses did Jeffrey Epstein plead guilty in 2008?,"Did the response identify the offenses Epstein pleaded guilty to in 2008?
a. Identifies procuring a person under the age of 18 for prostitution (1 point)
b. Identifies solicitation of prostitution (1 point)"
Epstein (1),What fake identity was allegedly used against the South Australian woman who claimed she was targeted by a sexual-abuse ring linked to Epstein and Maxwell?,"Did the response identify the fake identity?
a. States 'Adam Gurgly, London UK' (1 point)"
Epstein (1),"In the Maxwell defense expert disclosure by Dr. Park Dietz, what concern is raised about using the term 'grooming' in litigation?","Did the response identify Dr. Dietz's concern about the term 'grooming'?
a. States the word has acquired meaning beyond an objective description of behaviors (1 point)
b. States it imputes motive/intent without adequate evidence (1 point)"
Epstein (1),"To which facility was Epstein's cellmate transferred on August 9, 2019?","Did the response identify the facility?
a. Identifies GEO / the Queens Detention Facility (1 point)"
Epstein (1),What was requested by Johannes Perterer?,"Did the response identify what Johannes Perterer requested?
a. States the Austrian passport of Jeffrey (Edward) Epstein (1 point)"
Epstein (1),"According to Ghislaine Maxwell's bail/detention filing, what problem was described regarding the preparation of her food?","Did the response convey the problem with her food preparation?
a. States her food was microwaved with a plastic covering that melted into it (1 point)
b. States this rendered the food inedible (1 point)"
Epstein (1),What is Ghislaine Maxwell required to do during each pat-down search conducted by Metropolitan Detention Center staff?,"Did the response convey what Maxwell must do during each pat-down?
a. States she must remove her mask and briefly open her mouth (1 point)
b. States this is so (masked) staff can confirm no contraband is hidden in her mouth (1 point)"
Epstein (1),"According to Ghislaine Maxwell's bail/detention filing, what physical and mental effects was she alleged to be experiencing while detained?","Did the response identify the physical and mental effects the filing alleged Maxwell was experiencing?
a. Identifies weight loss (1 point)
b. Identifies hair loss (1 point)
c. Identifies loss of her ability to concentrate (1 point)"
Epstein (1),What did the search of Epstein’s cell after his death reveal?,"Did the response convey what the cell search revealed?
a. States the cell contained excess prison blankets, linens, and clothing (1 point)
b. States some had been ripped/torn to create nooses (1 point)"
Epstein (1),Where did Jeffrey Epstein's accuser say he first flew her on his private jet after she began working exclusively for him?,"Did the response identify the destination?
a. States New York (1 point)"
Epstein (1),How old did Jeffrey Epstein's accuser say she was when she first met Ghislaine Maxwell?,"Did the response give the correct age?
a. States she was 15 years old (1 point)"
Epstein (1),"According to Ghislaine Maxwell's bail appeal, what evidence did the defense claim the government failed to present, regarding her flight risk status, at her detention hearing?","Did the response identify the evidence the defense claimed the government failed to present?
a. States the government did not proffer any actual evidence that the weight of the evidence against Maxwell was strong (1 point)"
Epstein (1),How did Ghislaine Maxwell's bail/detention filing characterize her conditions of confinement following her arrest?,"Did the response convey how the filing characterized her conditions?
a. States the filing characterized her conditions as 'nightmarish' (or a clearly equivalent extreme term) (1 point)"
Epstein (1),"What occurred in the DVR 2 unit of the MCC New York security camera system on July 29, 2019, per the DOJ OIG investigation into Jeffrey Epstein's death, and what was the result?","Did the response convey what occurred in DVR 2 and the result?
a. States disk failures occurred in DVR 2 (1 point)
b. States the system was unable to record, though cameras kept working / broadcasting live feed (1 point)"
Epstein (1),"According to the research cited by Dr. Elizabeth Loftus, how can false memories resemble true memories?","Did the response convey how false memories can resemble true memories?
a. States false memories can be described with confidence, detail, and emotion even when false (1 point)"
Epstein (1),Where was Epstein found hanged?,"Did the response identify where Epstein was found hanged?
a. States his assigned cell within the Special Housing Unit (SHU) (1 point)"
Epstein (1),At which institution is Dr. Park Dietz identified as a clinical professor in the defense expert disclosure?,"Did the response identify the institution?
a. Identifies the UCLA School of Medicine (1 point)"
Epstein (1),"According to Ghislaine Maxwell's bail/detention filing, what explanation was offered for why the indictment against her was brought?","Did the response convey the explanation offered for why the indictment was brought?
a. States it was a function solely of Epstein's untimely death (1 point)
b. References the ensuing media frenzy (1 point)"
Epstein (1),When did Epstein attempt suicide?,"Did the response give the correct date/time of the suicide attempt?
a. States July 23, 2019 (1 point)
b. Notes the approximate time of ~1:27 a.m. (1 point)"
Epstein (1),Who submitted a FOIA request for Secret Service records to test whether Bill Clinton had visited Little St. James Island?,"Did the response identify who submitted the FOIA request?
a. Identifies former FBI Director Louis Freeh (1 point)"
Epstein (1),"According to the grooming-by-proxy theory in the Maxwell defense expert disclosure, what role is Maxwell alleged to have played for Jeffrey Epstein?","Did the response convey the role Maxwell is alleged to have played?
a. States she recruited and groomed minors (1 point)
b. States this was to provide sexualized massages for Epstein (1 point)"
Epstein (1),How are Ghislaine Maxwell's meals heated while she is detained at the Metropolitan Detention Center?,"Did the response identify how Maxwell's meals are heated?
a. States they are heated in a thermal oven (1 point)"
Epstein (1),What did Epstein say about returning to his cell with Tartaglione?,"Did the response convey what Epstein said about returning to his cell?
a. States he was fearful/afraid (1 point)
b. States it was because Tartaglione had called him a pedophile (1 point)"
Epstein (1),What university awarded Kimberly B. Mehlman-Orozco her Doctor of Philosophy degree?,"Did the response identify the university?
a. Identifies George Mason University (1 point)"
Epstein (1),"In the plaintiff's memorandum opposing dismissal in Case No. 19-cv-10476-PGG, which section immediately precedes the Argument section?","Did the response identify the correct section?
a. Identifies the Statement of Facts (1 point)"
Epstein (1),How did Ghislaine Maxwell's bail/detention filing characterize her isolation conditions while detained?,"Did the response convey how the filing characterized her isolation?
a. States she is kept in isolation (1 point)
b. Includes the 'conditions fitting for Hannibal Lecter' characterization (1 point)"